titulo,preco,avaliacao,status
A Light in the Attic,Â£51.77,Three,Em estoque
Tipping the Velvet,Â£53.74,One,Em estoque
Soumission,Â£50.10,One,Em estoque
Sharp Objects,Â£47.82,Four,Em estoque
Sapiens: A Brief History of Humankind,Â£54.23,Five,Em estoque
The Requiem Red,Â£22.65,One,Em estoque
The Dirty Little Secrets of Getting Your Dream Job,Â£33.34,Four,Em estoque
"The Coming Woman: A Novel Based on the Life of the Infamous Feminist, Victoria Woodhull",Â£17.93,Three,Em estoque
The Boys in the Boat: Nine Americans and Their Epic Quest for Gold at the 1936 Berlin Olympics,Â£22.60,Four,Em estoque
The Black Maria,Â£52.15,One,Em estoque
"Starving Hearts (Triangular Trade Trilogy, #1)",Â£13.99,Two,Em estoque
Shakespeare's Sonnets,Â£20.66,Four,Em estoque
Set Me Free,Â£17.46,Five,Em estoque
Scott Pilgrim's Precious Little Life (Scott Pilgrim #1),Â£52.29,Five,Em estoque
Rip it Up and Start Again,Â£35.02,Five,Em estoque
"Our Band Could Be Your Life: Scenes from the American Indie Underground, 1981-1991",Â£57.25,Three,Em estoque
Olio,Â£23.88,One,Em estoque
Mesaerion: The Best Science Fiction Stories 1800-1849,Â£37.59,One,Em estoque
Libertarianism for Beginners,Â£51.33,Two,Em estoque
It's Only the Himalayas,Â£45.17,Two,Em estoque
